<?xml version="1.0" encoding="UTF-8"?>
<project-private xmlns="http://www.netbeans.org/ns/project-private/1">
    <editor-bookmarks xmlns="http://www.netbeans.org/ns/editor-bookmarks/2" lastBookmarkId="0"/>
    <open-files xmlns="http://www.netbeans.org/ns/projectui-open-files/2">
        <group>
            <file>file:/C:/Users/ferna/OneDrive/Documentos/NetBeansProjects/Java%20Ticket/src/ticket/showEvent.java</file>
            <file>file:/C:/Users/ferna/OneDrive/Documentos/NetBeansProjects/Java%20Ticket/src/ticket/userCreationWIN.java</file>
            <file>file:/C:/Users/ferna/OneDrive/Documentos/NetBeansProjects/Java%20Ticket/src/ticket/Evento.java</file>
            <file>file:/C:/Users/ferna/OneDrive/Documentos/NetBeansProjects/Java%20Ticket/src/ticket/editUserWIN.java</file>
            <file>file:/C:/Users/ferna/OneDrive/Documentos/NetBeansProjects/Java%20Ticket/src/ticket/EventsAdmin_GUI.java</file>
            <file>file:/C:/Users/ferna/OneDrive/Documentos/NetBeansProjects/Java%20Ticket/src/ticket/JavaTicket.java</file>
            <file>file:/C:/Users/ferna/OneDrive/Documentos/NetBeansProjects/Java%20Ticket/src/ticket/UsersAdmin_GUI.java</file>
            <file>file:/C:/Users/ferna/OneDrive/Documentos/NetBeansProjects/Java%20Ticket/src/ticket/createEvent.java</file>
        </group>
    </open-files>
</project-private>
